web-scraper-order,web-scraper-start-url,product
"1680415156-524","https://kotn.com/collections/womens","Mesh Tee in Marshmallow"
"1680415156-525","https://kotn.com/collections/womens","Unisex Flow Top  in Oasis"
"1680415156-526","https://kotn.com/collections/womens","V-neck Bra  in Iron"
"1680415156-527","https://kotn.com/collections/womens","Fine Knit Skirt in Marshmallow/Wisteria"
"1680415156-528","https://kotn.com/collections/womens","Ballet Dress in White Sand"
"1680415156-529","https://kotn.com/collections/womens","Crop Flow Shirt in Oasis"
"1680415156-530","https://kotn.com/collections/womens","Crop Flow Shirt in Iron"
"1680415156-531","https://kotn.com/collections/womens","Unisex Flow Top  in Tan"
"1680415156-532","https://kotn.com/collections/womens","Crop Flow Shirt in Dusty Violet"
"1680415156-533","https://kotn.com/collections/womens","Fine Knit Skirt in Black/Iron"
"1680415156-534","https://kotn.com/collections/womens","Unisex Flow Top  in Dusty Violet"
"1680415156-535","https://kotn.com/collections/womens","90's Crop Tee in White"
"1680415156-536","https://kotn.com/collections/womens","Rib Racer Tank in Lavender"
"1680415156-537","https://kotn.com/collections/womens","Mesh Tee in Violet"
"1680415156-538","https://kotn.com/collections/womens","Unisex Crochet Bucket Hat in Faded Apple/Marshmallow"
"1680415156-539","https://kotn.com/collections/womens","Plaza Trouser in Laurel Oak"
"1680415156-540","https://kotn.com/collections/womens","Rib Crop Tank in White"
"1680415156-541","https://kotn.com/collections/womens","Midi Babydoll Dress in White Sand"
"1680415156-542","https://kotn.com/collections/womens","Plaza Trouser in Alabaster"
"1680415156-543","https://kotn.com/collections/womens","Alexandria Shirt in Alabaster"
"1680415156-544","https://kotn.com/collections/womens","90's Tee in Lavender"
"1680415156-545","https://kotn.com/collections/womens","90's Tank Dress in Black"
"1680415156-546","https://kotn.com/collections/womens","Unisex Mesh Polo in Porcini Melange"
"1680415156-547","https://kotn.com/collections/womens","Unisex Groove Shirt in Apple Mix"
"1680415156-548","https://kotn.com/collections/womens","V-neck Bra  in Marshmallow"
"1680415156-549","https://kotn.com/collections/womens","Flow Shorts in Dusty Violet"
"1680415156-550","https://kotn.com/collections/womens","Unisex Mesh Polo in Dandelion Melange"
"1680415156-551","https://kotn.com/collections/womens","Unisex Groove Shirt in Lilac Mix"
"1680415156-552","https://kotn.com/collections/womens","Unisex Rib Cardigan in Terracotta"
"1680415156-553","https://kotn.com/collections/womens","Crop Racer Tank in Lavender"
"1680415156-554","https://kotn.com/collections/womens","Alexandria Shirt in Black"
"1680415156-555","https://kotn.com/collections/womens","90's Tank Dress in Terracotta"
"1680415156-556","https://kotn.com/collections/womens","Square Neck Tank in Lavender"
"1680415156-557","https://kotn.com/collections/womens","Ballet Dress in Storm"
"1680415156-558","https://kotn.com/collections/womens","Unisex Crochet Bucket Hat in Storm/Black"
"1680415156-559","https://kotn.com/collections/womens","T-Shirt Dress in Moss Grey"
"1680415156-560","https://kotn.com/collections/womens","T-Shirt Dress in Terracotta"
"1680415156-561","https://kotn.com/collections/womens","Unisex Rib Cardigan in Black"
"1680415156-562","https://kotn.com/collections/womens","Crop Racer Tank in White"
"1680415156-563","https://kotn.com/collections/womens","Flow Shorts in Oasis"
"1680415156-564","https://kotn.com/collections/womens","Flow Shorts in Iron"
"1680415156-565","https://kotn.com/collections/womens","Ballet Dress in Black"
"1680415156-566","https://kotn.com/collections/womens","Rib Pant in Faded Apple"
"1680415156-567","https://kotn.com/collections/womens","Rib Crop Tank in Seaweed"
"1680415156-568","https://kotn.com/collections/womens","Rib Crop Tank in Terracotta"
"1680415156-569","https://kotn.com/collections/womens","90's Tee in Black"
"1680415156-570","https://kotn.com/collections/womens","90's Crop Tee in Black"
"1680415156-571","https://kotn.com/collections/womens","Rib Longsleeve in Porcini"
"1680415156-572","https://kotn.com/collections/womens","Unisex Fine Knit Hoodie in Iron"
"1680415156-573","https://kotn.com/collections/womens","Knit Crop Tank in Iron"
"1680415156-574","https://kotn.com/collections/womens","Rib Pant in Porcini"
"1680415156-575","https://kotn.com/collections/womens","90's Crop Tee in Terracotta"
"1680415156-576","https://kotn.com/collections/womens","Rib Longsleeve in Faded Apple"
"1680415156-577","https://kotn.com/collections/womens","Crop Racer Tank in Black"
"1680415156-578","https://kotn.com/collections/womens","90's Crop Tee in Faded Apple"
"1680415156-579","https://kotn.com/collections/womens","Rib Crop Tank in Faded Apple"
"1680415156-580","https://kotn.com/collections/womens","Midi Babydoll Dress in Black"
"1680415156-581","https://kotn.com/collections/womens","90's Tee in Storm"
"1680415156-582","https://kotn.com/collections/womens","90's Tee in Marshmallow"
"1680415156-583","https://kotn.com/collections/womens","Fine Knit Crew Neck Sweater in Alabaster"
"1680415156-584","https://kotn.com/collections/womens","Fine Knit Crew Neck Sweater in Iron"
"1680415156-585","https://kotn.com/collections/womens","Knit Crop Tank in Spruce"
"1680415156-586","https://kotn.com/collections/womens","Knit Crop Tank in Alabaster"
"1680415156-587","https://kotn.com/collections/womens","Crop Racer Tank in Violet"
"1680415156-588","https://kotn.com/collections/womens","Unisex Stripe Heavyweight Crew in Marshmallow/Iron"
"1680415156-589","https://kotn.com/collections/womens","Unisex Stripe Heavyweight Crew in Marshmallow/Terracotta"
"1680415156-590","https://kotn.com/collections/womens","Unisex Stripe Heavyweight Crew in Marshmallow/Faded Apple"
"1680415156-591","https://kotn.com/collections/womens","Plaza Trouser in Ivy"
"1680415156-592","https://kotn.com/collections/womens","Essential Crew in Violet"
"1680415156-593","https://kotn.com/collections/womens","Crop Racer Tank in Faded Apple"
"1680415156-594","https://kotn.com/collections/womens","Crop Racer Tank in Storm"
"1680415156-595","https://kotn.com/collections/womens","Essential Crew in Laurel Oak"
"1680415156-596","https://kotn.com/collections/womens","Easy Crew in White"
"1680415156-597","https://kotn.com/collections/womens","Easy Crew in Black"
"1680415156-598","https://kotn.com/collections/womens","Easy Crew in Violet"
"1680415156-599","https://kotn.com/collections/womens","V-Neck Tank in Laurel Oak"
"1680415156-600","https://kotn.com/collections/womens","V-Neck Tank in Iron"
"1680415156-601","https://kotn.com/collections/womens","Rib Racer Tank in Faded Apple"
"1680415156-602","https://kotn.com/collections/womens","Rib Racer Tank in Storm"
"1680415156-603","https://kotn.com/collections/womens","Rib Racer Tank in Violet"
"1680415156-604","https://kotn.com/collections/womens","High Neck Tank in Laurel Oak"
"1680415156-605","https://kotn.com/collections/womens","High Neck Tank in Iron"
"1680415156-606","https://kotn.com/collections/womens","Midi Babydoll Dress in Lavender"
"1680415156-607","https://kotn.com/collections/womens","Square Neck Tank in Black"
"1680415156-608","https://kotn.com/collections/womens","Square Neck Tank in Marshmallow"
"1680415156-609","https://kotn.com/collections/womens","Square Neck Tank in Terracotta"
"1680415156-610","https://kotn.com/collections/womens","Essential Sweatshirt in Heather Grey"
"1680415156-611","https://kotn.com/collections/womens","Unisex Antifit Denim in Dark Wash"
"1680415156-612","https://kotn.com/collections/womens","Unisex Antifit Denim in Black"
"1680415156-613","https://kotn.com/collections/womens","Unisex Antifit Denim in Light Wash"
"1680415156-614","https://kotn.com/collections/womens","Unisex Heavyweight Box Crew in Terracotta"
"1680415156-615","https://kotn.com/collections/womens","Easy Crew in Laurel Oak"
"1680415156-616","https://kotn.com/collections/womens","Easy Crew in White Sand"
"1680415156-617","https://kotn.com/collections/womens","Rib Racer Tank in Black"
"1680415156-618","https://kotn.com/collections/womens","Rib Racer Tank in White"
"1680415156-619","https://kotn.com/collections/womens","Essential Crew in White Sand"
"1680415156-620","https://kotn.com/collections/womens","Easy Crew in Porcini"
"1680415156-621","https://kotn.com/collections/womens","Essential Crew in Porcini"
"1680415156-622","https://kotn.com/collections/womens","Unisex Cargo Pant in Dark Moss"
"1680415156-623","https://kotn.com/collections/womens","Unisex Cargo Pant in Truffle"
"1680415156-624","https://kotn.com/collections/womens","Unisex Cargo Pant in Black"
"1680415156-625","https://kotn.com/collections/womens","Port Trouser in Turkish Coffee"
"1680415156-626","https://kotn.com/collections/womens","Unisex Corduroy Pant in Raven"
"1680415156-627","https://kotn.com/collections/womens","Unisex Heavyweight Box Crew in Moss Grey"
"1680415156-628","https://kotn.com/collections/womens","Kotn x KWW Big Heart Essential Hoodie in Black"
"1680415156-629","https://kotn.com/collections/womens","Kotn x KWW Love Collage Essential Sweatshirt in Racing Green"
"1680415156-630","https://kotn.com/collections/womens","Kotn x KWW Little Flowers Essential Crew in White"
"1680415156-631","https://kotn.com/collections/womens","Fine Knit Jacket in Black"
"1680415156-632","https://kotn.com/collections/womens","Fine Knit Jacket in Dark Olive"
"1680415156-633","https://kotn.com/collections/womens","Unisex Reverse Fleece Vest in Acorn/Black"
"1680415156-634","https://kotn.com/collections/womens","Unisex Reverse Fleece Shirt in Black"
"1680415156-635","https://kotn.com/collections/womens","Unisex Reverse Fleece Shirt in Dark Olive"
"1680415156-636","https://kotn.com/collections/womens","Unisex Reverse Fleece Cardigan in Acorn/Black"
"1680415156-637","https://kotn.com/collections/womens","Unisex Reverse Fleece Cardigan in Alabaster/Dark Olive"
"1680415156-638","https://kotn.com/collections/womens","Unisex Reverse Fleece Pant in Acorn/Black"
"1680415156-639","https://kotn.com/collections/womens","Unisex Fine Knit Pant in Light Sienna"
"1680415156-640","https://kotn.com/collections/womens","Unisex Pyjama Top in Algerian Stripe"
"1680415156-641","https://kotn.com/collections/womens","Unisex Pyjama Bottom in Algerian Stripe"
"1680415156-642","https://kotn.com/collections/womens","Fitted Turtleneck in Coriander"
"1680415156-643","https://kotn.com/collections/womens","Unisex Fine Knit Hoodie in Alabaster"
"1680415156-644","https://kotn.com/collections/womens","Unisex Fine Knit Hoodie in Light Sienna"
"1680415156-645","https://kotn.com/collections/womens","Knitted Cardigan in Walnut"
"1680415156-646","https://kotn.com/collections/womens","Thermal Longsleeve in Black"
"1680415156-647","https://kotn.com/collections/womens","High Neck Tank in Ochre"
"1680415156-648","https://kotn.com/collections/womens","Unisex Robe in Algerian Stripe"
"1680415156-649","https://kotn.com/collections/womens","Crew Sweater in Almond"
"1680415156-650","https://kotn.com/collections/womens","Fine Knit Crew Neck Sweater in Clay"
"1680415156-651","https://kotn.com/collections/womens","Heavyweight Longsleeve in Black"
"1680415156-652","https://kotn.com/collections/womens","Shrunken Cardigan in Dark Olive"
"1680415156-653","https://kotn.com/collections/womens","Turtleneck Sweater in Black"
"1680415156-654","https://kotn.com/collections/womens","Knitted Cardigan in Alabaster"
"1680415156-655","https://kotn.com/collections/womens","Shrunken Cardigan in Black"
"1680415156-656","https://kotn.com/collections/womens","Thermal Longsleeve in Porcini"
"1680415156-657","https://kotn.com/collections/womens","Turtleneck Sweater in Black Melange"
"1680415156-658","https://kotn.com/collections/womens","Crew Sweater in Black"
"1680415156-659","https://kotn.com/collections/womens","Fine Knit Crew Neck Sweater in Pumice Stone"
"1680415156-660","https://kotn.com/collections/womens","Fine Knit Crew Neck Sweater in Black"
"1680415156-661","https://kotn.com/collections/womens","Crew Sweater in Umber Print"
"1680415156-662","https://kotn.com/collections/womens","Fine Knit Turtleneck in Dark Olive"
"1680415156-663","https://kotn.com/collections/womens","Crew Sweater in Charcoal Melange"
"1680415156-664","https://kotn.com/collections/womens","Fine Knit Turtleneck in Pumice Stone"
"1680415156-665","https://kotn.com/collections/womens","Cropped Jacket in Pine Bark Plaid"
"1680415156-666","https://kotn.com/collections/womens","Cropped Jacket in Midnight"
"1680415156-667","https://kotn.com/collections/womens","Cropped Cable Sweater in Porcini Melange"
"1680415156-668","https://kotn.com/collections/womens","Unisex Knit Cable Vest in Porcini Melange"
"1680415156-669","https://kotn.com/collections/womens","Unisex Knit Cable Vest in Rust"
"1680415156-670","https://kotn.com/collections/womens","Double Breasted Blazer in Black"
"1680415156-671","https://kotn.com/collections/womens","Double Breasted Blazer in Ginger"
"1680415156-672","https://kotn.com/collections/womens","Double Breasted Blazer in Ochre"
"1680415156-673","https://kotn.com/collections/womens","Pull Up Trouser in Ginger"
"1680415156-674","https://kotn.com/collections/womens","Pull Up Trouser in Ochre"
"1680415156-675","https://kotn.com/collections/womens","Short-Waisted Blazer in Black"
"1680415156-676","https://kotn.com/collections/womens","Short-Waisted Blazer in Ginger"
"1680415156-677","https://kotn.com/collections/womens","Heavyweight Longsleeve in Racing Green"
"1680415156-678","https://kotn.com/collections/womens","Heavy Jersey V-Neck Longsleeve in Light Taupe"
"1680415156-679","https://kotn.com/collections/womens","Fine Knit Turtleneck in Black"
"1680415156-680","https://kotn.com/collections/womens","Fitted Turtleneck in Charcoal Melange"
"1680415156-681","https://kotn.com/collections/womens","Heavyweight Longsleeve in Marshmallow"
"1680415156-682","https://kotn.com/collections/womens","Rugby Half-Zip Sweatshirt in Navy/Deep Ocean Stripe"
"1680415156-683","https://kotn.com/collections/womens","Rugby Hoodie in Straw/Navy Stripe"
"1680415156-684","https://kotn.com/collections/womens","Rugby Hoodie in Navy/Port Stripe"
"1680415156-685","https://kotn.com/collections/womens","Essential Sweatshirt in Umber"
"1680415156-686","https://kotn.com/collections/womens","Unisex Essential Hoodie in Black"
"1680415156-687","https://kotn.com/collections/womens","Essential Sweatpant in Light Taupe"
"1680415156-688","https://kotn.com/collections/womens","Rib Pant in Black"
"1680415156-689","https://kotn.com/collections/womens","Collarless Shirt in Pumice Stone"
"1680415156-690","https://kotn.com/collections/womens","Graduate Taper Trousers in Natural"
"1680415156-691","https://kotn.com/collections/womens","Collarless Shirt in Fog"
"1680415156-692","https://kotn.com/collections/womens","Wide Pull-On Trouser in Marshmallow/Midnight Navy/Sand"
"1680415156-693","https://kotn.com/collections/womens","Collarless Shirt in Marshmallow/Midnight Navy/Sand"
"1680415156-694","https://kotn.com/collections/womens","Wide Pull-On Trouser in Black"
"1680415156-695","https://kotn.com/collections/womens","Polo in Porcini"
"1680415156-696","https://kotn.com/collections/womens","Fitted Longsleeve in Black"
"1680415156-697","https://kotn.com/collections/womens","Fitted Turtleneck in Natural"
"1680415156-698","https://kotn.com/collections/womens","Jogger in Porcini"
"1680415156-699","https://kotn.com/collections/womens","Unisex Heavyweight Box Crew in Black"
"1680415156-700","https://kotn.com/collections/womens","Fitted V-Neck Longsleeve in Black"
"1680415156-701","https://kotn.com/collections/womens","Rugby Shirt in Black/Rust Stripe"
"1680415156-702","https://kotn.com/collections/womens","Fitted Turtleneck in Black"
"1680415156-703","https://kotn.com/collections/womens","Ribbed Turtleneck in Black"
"1680415156-704","https://kotn.com/collections/womens","Rib Longsleeve in Cabernet"
"1680415156-705","https://kotn.com/collections/womens","Crop Mockneck in Natural"
"1680415156-706","https://kotn.com/collections/womens","Unisex Heavyweight Box Crew in White"
"1680415156-707","https://kotn.com/collections/womens","Cigarette Pants in Black"
"1680415156-708","https://kotn.com/collections/womens","Jogger in Natural"
"1680415156-709","https://kotn.com/collections/womens","Wide Leg Sweatpant in Racing Green"
"1680415156-710","https://kotn.com/collections/womens","Rib Crop Tank in Cabernet"
"1680415156-711","https://kotn.com/collections/womens","Essential Sweatpant in Black"
"1680415156-712","https://kotn.com/collections/womens","Essential Sweatpant in Umber"
"1680415156-713","https://kotn.com/collections/womens","Unisex Essential Hoodie in Racing Green"
"1680415156-714","https://kotn.com/collections/womens","Unisex Essential Hoodie in Truffle"
"1680415156-715","https://kotn.com/collections/womens","Fitted V-Neck Longsleeve in White"
"1680415156-716","https://kotn.com/collections/womens","Essential Sweatshirt in Light Taupe"
"1680415156-717","https://kotn.com/collections/womens","Essential Crew in Umber"
"1680415156-718","https://kotn.com/collections/womens","Raw Edge Tank in Fog"
"1680415156-719","https://kotn.com/collections/womens","Woven Shorts in Taupe Stripe"
"1680415156-720","https://kotn.com/collections/womens","Woven Top in Autumn Stripe"
"1680415156-721","https://kotn.com/collections/womens","Relaxed Woven Shorts in Taupe Stripe"
"1680415156-722","https://kotn.com/collections/womens","Woven Shorts in Autumn Stripe"
"1680415156-723","https://kotn.com/collections/womens","Woven Top in Taupe Stripe"
"1680415156-724","https://kotn.com/collections/womens","Relaxed Woven Shorts in Autumn Stripe"
"1680415156-725","https://kotn.com/collections/womens","Raw Edge Tank in Black"
"1680415156-726","https://kotn.com/collections/womens","Raw Edge Tank in White"
"1680415156-727","https://kotn.com/collections/womens","Essential Crew in Fog"
"1680415156-728","https://kotn.com/collections/womens","Fine Knit Shorts in Dark Olive"
"1680415156-729","https://kotn.com/collections/womens","Square Neck Tank in White"
"1680415156-730","https://kotn.com/collections/womens","Port Trouser in Black"
"1680415156-731","https://kotn.com/collections/womens","Essential Crew in White"
"1680415156-732","https://kotn.com/collections/womens","V-Neck Tank in Black"
"1680415156-733","https://kotn.com/collections/womens","Long Essential Crew in White"
"1680415156-734","https://kotn.com/collections/womens","Long Essential Crew in Black"
"1680415156-735","https://kotn.com/collections/womens","Logo Sweatshirt in Racing Green"
"1680415156-736","https://kotn.com/collections/womens","Essential Crew in Black"
"1680415156-737","https://kotn.com/collections/womens","Logo Sweatshirt in Black"
"1680415156-738","https://kotn.com/collections/womens","Cropped Reverse Racer Tank in Black"
"1680415156-739","https://kotn.com/collections/womens","Essential Longsleeve in White"
"1680415156-740","https://kotn.com/collections/womens","Mock Neck Tank in White"
"1680415156-741","https://kotn.com/collections/womens","V-Neck Tank in White"
"1680415156-742","https://kotn.com/collections/womens","Fitted Crew in Black"
"1680415156-743","https://kotn.com/collections/womens","Rib Longsleeve in Black"
"1680415156-744","https://kotn.com/collections/womens","Crew Socks in White"
"1680415156-745","https://kotn.com/collections/womens","Crew Socks in Black"
"1680415156-746","https://kotn.com/collections/womens","Rib Socks in Black"
"1680415156-747","https://kotn.com/collections/womens","Rib Socks in White"
"1680415156-748","https://kotn.com/collections/womens","Cropped Reverse Racer Tank in Dijon"
"1680415156-749","https://kotn.com/collections/womens","Essential Crew in Dijon"
"1680415156-750","https://kotn.com/collections/womens","Essential Sweatshirt in Black"
"1680415156-751","https://kotn.com/collections/womens","Essential Crew in Seagrass"
"1680415156-752","https://kotn.com/collections/womens","Crew Sock in White"
"1680415156-753","https://kotn.com/collections/womens","Fitted Longsleeve in White"
"1680415156-754","https://kotn.com/collections/womens","High Neck Tank in Charcoal Melange"
"1680415156-755","https://kotn.com/collections/womens","High Neck Tank in White"
"1680415156-756","https://kotn.com/collections/womens","Unisex Essential Hoodie in Heather Grey"
"1680415156-757","https://kotn.com/collections/womens","Wide Leg Sweatpant in Heather Grey"
"1680415156-758","https://kotn.com/collections/womens","Essential Sweatpant in Heather Grey"
"1680415156-759","https://kotn.com/collections/womens","Dress Socks in Rust"
"1680415156-760","https://kotn.com/collections/womens","Dress Socks in Ochre"
"1680415156-761","https://kotn.com/collections/womens","Dress Socks in Umber"
"1680415156-762","https://kotn.com/collections/womens","Dress Socks in Light Taupe"
"1680415156-763","https://kotn.com/collections/womens","Crew Socks in Porcini"
"1680415156-764","https://kotn.com/collections/womens","Crew Socks in Straw"
"1680415156-765","https://kotn.com/collections/womens","Crew Socks in Rust"
"1680415156-766","https://kotn.com/collections/womens","Crew Socks in Racing Green"
"1680415156-767","https://kotn.com/collections/womens","Crew Socks in White/Black"
"1680415156-768","https://kotn.com/collections/womens","Cropped Reverse Racer Tank in Coriander"
"1680415156-769","https://kotn.com/collections/womens","Fine Knit Vest in Alabaster"
"1680415156-770","https://kotn.com/collections/womens","Intarsia Socks in Alabaster/Light Taupe"
"1680415156-771","https://kotn.com/collections/womens","Intarsia Socks in Multi-Colour"
